i,j,query,pair,freq_diff
154,178,"('K', 'R')","('I', 'P')",0.23764784925235544
314,363,"('N', 'E')","('D', 'H')",0.49617974719145014
64,353,"('L', 'L')","('A', 'V')",0.05448430493273542
168,350,"('K', 'A')","('R', 'A')",0.07274183215887252
340,347,"('I', 'A')","('I', 'V')",0.008701686952808029
90,136,"('A', 'K')","('D', 'K')",0.04081785180439888
334,351,"('H', 'M')","('Q', 'S')",0.08308776425368354
90,133,"('A', 'D')","('A', 'T')",0.23766816143497754
93,98,"('H', 'E')","('A', 'A')",0.1646380525304292
173,352,"('V', 'F')","('F', 'G')",0.2751441383728379
56,351,"('S', 'M')","('G', 'S')",0.03926969891095452
186,352,"('N', 'F')","('D', 'G')",0.22357463164638053
76,353,"('I', 'L')","('M', 'V')",0.11146700832799486
119,352,"('F', 'F')","('W', 'G')",0.4891095451633568
168,348,"('K', 'A')","('R', 'A')",0.1554772581678411
64,353,"('L', 'L')","('T', 'V')",0.463815108658158
331,354,"('K', 'E')","('R', 'E')",0.238729282675471
180,354,"('T', 'E')","('A', 'E')",0.23976247967279357
75,300,"('E', 'K')","('Q', 'S')",0.22514824487918655
180,352,"('T', 'F')","('A', 'A')",0.19411784030618112
173,352,"('V', 'F')","('L', 'V')",0.10591993955222655
36,269,"('S', 'H')","('R', 'G')",0.1855171734095501
183,353,"('A', 'L')","('Y', 'V')",0.4497675717406659
185,350,"('V', 'A')","('I', 'V')",0.2496608025756008
