,i,j,query,cluster id,dca score,pair,diff
612,57,121,"('I', 'F')",cluster_18,0.03015503435048468,"('V', 'C')",0.9190384615384616
246,41,121,"('Y', 'F')",cluster_6,0.04584991609829183,"('F', 'G')",0.8997363811680614
105,22,44,"('K', 'N')",cluster_19,0.06261113341759078,"('E', 'G')",0.8989567055795569
613,57,74,"('I', 'S')",cluster_18,0.03015503134237775,"('V', 'I')",0.8957494969818913
71,91,103,"('K', 'V')",cluster_19,0.08835469295436495,"('R', 'S')",0.8879535160360525
125,28,91,"('V', 'K')",cluster_19,0.05603690628774116,"('A', 'R')",0.8850139543395708
404,81,105,"('A', 'D')",cluster_2,0.04335058799733408,"('P', 'R')",0.8838757497975376
408,63,81,"('I', 'A')",cluster_2,0.042694360095398995,"('A', 'P')",0.8727025654399957
434,63,105,"('I', 'D')",cluster_2,0.037872659904878404,"('A', 'R')",0.8707651313285116
310,72,95,"('L', 'V')",cluster_1,0.04245435236136924,"('V', 'L')",0.863483532775601
317,68,95,"('D', 'V')",cluster_1,0.04117797049008168,"('P', 'L')",0.8608890183204491
722,10,97,"('D', 'Q')",cluster_12,0.05713974636370296,"('N', 'R')",0.8593879239040529
279,77,120,"('N', 'T')",cluster_1,0.05424979491606041,"('T', 'R')",0.8577097353674558
303,50,95,"('L', 'V')",cluster_1,0.04465189743211993,"('T', 'L')",0.8548925129725723
757,13,127,"('S', 'G')",cluster_13,0.02287531962396514,"('L', 'D')",0.8538888888888889
237,46,105,"('H', 'D')",cluster_6,0.04730081075226207,"('F', 'E')",0.8474814403663359
285,82,95,"('G', 'V')",cluster_1,0.05026977051180781,"('A', 'L')",0.8427886161432093
353,95,101,"('V', 'T')",cluster_1,0.035339984019345835,"('L', 'L')",0.8416551943238377
302,50,92,"('L', 'G')",cluster_1,0.044881690458036375,"('T', 'A')",0.8413110240389706
376,99,105,"('R', 'D')",cluster_2,0.05246289686813645,"('K', 'R')",0.8371988688890097
304,50,82,"('L', 'G')",cluster_1,0.04448126806475891,"('T', 'A')",0.835821095508629
107,56,119,"('Q', 'A')",cluster_19,0.06224414997548348,"('T', 'G')",0.8332910106653123
349,50,72,"('L', 'L')",cluster_1,0.03561833019500989,"('T', 'V')",0.8311315259980938
938,104,121,"('M', 'F')",cluster_4,0.07935667243564902,"('Y', 'G')",0.8308280790248004
315,68,92,"('D', 'G')",cluster_1,0.04127826458273949,"('P', 'A')",0.8286958593667267
975,63,119,"('I', 'A')",cluster_4,0.06490150527966473,"('N', 'F')",0.827265234079045
362,79,124,"('L', 'F')",cluster_2,0.06996405884830804,"('V', 'Y')",0.82633493006937
308,72,92,"('L', 'G')",cluster_1,0.042542274790316185,"('V', 'A')",0.8202239754315366
369,63,99,"('I', 'R')",cluster_2,0.057394102725660825,"('A', 'K')",0.8190902169775409
102,23,44,"('M', 'N')",cluster_19,0.06309200717123167,"('I', 'G')",0.8171836996925337
958,104,119,"('M', 'A')",cluster_4,0.06981709631368055,"('Y', 'F')",0.8169662556511169
319,68,82,"('D', 'G')",cluster_1,0.04100419360641519,"('P', 'A')",0.814476364026155
210,23,46,"('M', 'H')",cluster_6,0.05561114831632899,"('L', 'F')",0.8134661867250943
340,68,101,"('D', 'T')",cluster_1,0.03784483054127795,"('P', 'L')",0.8118182780895902
748,87,96,"('V', 'H')",cluster_13,0.02479873355338217,"('K', 'S')",0.8102165597421764
145,42,59,"('Y', 'G')",cluster_5,0.08673787096543997,"('H', 'A')",0.8067773863445731
749,96,111,"('H', 'Q')",cluster_13,0.024798733169113164,"('S', 'D')",0.8063316373590407
973,15,56,"('F', 'Q')",cluster_4,0.0649391472883877,"('W', 'S')",0.8043843279219108
942,63,104,"('I', 'M')",cluster_4,0.07839822584575269,"('N', 'Y')",0.7987597717452255
312,72,82,"('L', 'G')",cluster_1,0.042295853973044556,"('V', 'A')",0.7965751956265409
754,79,111,"('L', 'Q')",cluster_13,0.024042015348094546,"('I', 'D')",0.7962152994733553
121,44,57,"('N', 'I')",cluster_19,0.057310991842676226,"('G', 'V')",0.794516158564497
347,44,114,"('N', 'R')",cluster_1,0.03615533204169405,"('T', 'K')",0.7934037920229433
181,63,102,"('I', 'C')",cluster_5,0.06517915172496845,"('N', 'G')",0.791851106639839
751,87,95,"('V', 'V')",cluster_13,0.024042021861420987,"('K', 'I')",0.7892232161681877
753,79,87,"('L', 'V')",cluster_13,0.024042015723759393,"('I', 'K')",0.7881991506279931
752,95,111,"('V', 'Q')",cluster_13,0.024042021485756133,"('I', 'D')",0.788122229164807
158,32,41,"('T', 'Y')",cluster_5,0.07829627921552758,"('M', 'G')",0.779639881451658
196,27,46,"('H', 'H')",cluster_6,0.06446560393289283,"('Y', 'F')",0.7795219593422605
156,63,104,"('I', 'M')",cluster_5,0.07997754087897585,"('N', 'Y')",0.7783590431477756
356,92,101,"('G', 'T')",cluster_1,0.03520449340424942,"('A', 'L')",0.778274912633697
218,20,42,"('I', 'Y')",cluster_6,0.05388429589155856,"('L', 'N')",0.7748663662089929
595,35,41,"('V', 'Y')",cluster_18,0.03279808763874374,"('D', 'P')",0.7747546552591847
188,74,114,"('S', 'R')",cluster_6,0.07870109486968743,"('F', 'K')",0.7739502224694105
417,103,128,"('V', 'Q')",cluster_2,0.040340707434408256,"('Y', 'S')",0.773796625909302
293,54,114,"('C', 'R')",cluster_1,0.04849049133739933,"('V', 'K')",0.7731854838709677
249,27,105,"('H', 'D')",cluster_6,0.045447141149108305,"('Y', 'E')",0.7727572330534933
167,59,92,"('G', 'G')",cluster_5,0.07134925299282881,"('A', 'A')",0.7701766152470377
706,10,26,"('D', 'G')",cluster_12,0.06280623300506444,"('N', 'D')",0.7696443341604632
144,6,42,"('D', 'Y')",cluster_5,0.08706354672715762,"('M', 'H')",0.7673653369393735
225,23,105,"('M', 'D')",cluster_6,0.05221380841966425,"('L', 'E')",0.766254542925209
320,39,44,"('L', 'N')",cluster_1,0.040958455238420566,"('T', 'T')",0.765099114856628
358,82,101,"('G', 'T')",cluster_1,0.03514611010521096,"('A', 'L')",0.7621529638760853
87,20,62,"('I', 'V')",cluster_19,0.07143200715628062,"('L', 'L')",0.7604602991944764
782,90,96,"('I', 'H')",cluster_13,0.020749710684830967,"('G', 'S')",0.7551389135714708
764,64,96,"('S', 'H')",cluster_13,0.021847385284377074,"('A', 'S')",0.754142502071251
610,17,107,"('N', 'D')",cluster_18,0.030293817610731494,"('G', 'K')",0.7539038422025888
783,90,111,"('I', 'Q')",cluster_13,0.020749701269956726,"('G', 'D')",0.7530603127326879
766,64,111,"('S', 'Q')",cluster_13,0.021847375835440677,"('A', 'D')",0.7485197417358445
738,79,95,"('L', 'V')",cluster_13,0.036976642080019655,"('I', 'I')",0.7480766954669191
790,79,90,"('L', 'I')",cluster_13,0.01974302827537424,"('I', 'G')",0.7475860434808363
791,90,95,"('I', 'V')",cluster_13,0.01974302696759655,"('G', 'I')",0.7455719447900006
287,23,54,"('M', 'C')",cluster_1,0.049675706053152135,"('A', 'V')",0.7437926321097752
765,64,87,"('S', 'V')",cluster_13,0.021847383666409044,"('A', 'K')",0.7432005060088551
67,23,57,"('M', 'I')",cluster_19,0.09755331638715677,"('I', 'V')",0.7425044698115802
780,64,79,"('S', 'L')",cluster_13,0.020816382999498742,"('A', 'I')",0.7420700674636052
437,81,99,"('A', 'R')",cluster_2,0.03745162084736783,"('P', 'K')",0.7414519649156521
221,75,108,"('S', 'I')",cluster_6,0.05307243426655302,"('N', 'V')",0.7380489835565115
781,64,95,"('S', 'V')",cluster_13,0.020816381699840514,"('A', 'I')",0.7375429044857379
560,52,118,"('T', 'K')",cluster_18,0.048030651839625085,"('A', 'V')",0.734779299847793
427,31,75,"('T', 'S')",cluster_2,0.038930952345064745,"('S', 'G')",0.7346239599760727
311,14,102,"('A', 'C')",cluster_1,0.04235399431983497,"('R', 'A')",0.7333853497337984
283,82,92,"('G', 'G')",cluster_1,0.05053659492115717,"('A', 'A')",0.7333181477114374
419,100,105,"('T', 'D')",cluster_2,0.03998926153108874,"('S', 'R')",0.7305998151068575
98,65,102,"('L', 'C')",cluster_19,0.064912623253892,"('S', 'A')",0.7237771053958648
216,13,60,"('S', 'L')",cluster_6,0.054272237662444364,"('A', 'Y')",0.7221021260520074
243,68,87,"('D', 'V')",cluster_6,0.04604191799882759,"('P', 'E')",0.7135618058866112
208,36,75,"('N', 'S')",cluster_6,0.055998763552391764,"('P', 'N')",0.7123430236591966
257,74,87,"('S', 'V')",cluster_6,0.044134401580201724,"('F', 'E')",0.7118491445521479
554,35,67,"('V', 'L')",cluster_18,0.05590953682984558,"('D', 'E')",0.7031407351460222
204,22,51,"('K', 'F')",cluster_6,0.05817610521139746,"('E', 'M')",0.700400557297109
759,33,96,"('K', 'H')",cluster_13,0.02237476520730939,"('I', 'S')",0.6983370813113978
758,33,111,"('K', 'Q')",cluster_13,0.022374770634011033,"('I', 'D')",0.697283465738344
808,64,90,"('S', 'I')",cluster_13,0.01727434787947206,"('A', 'G')",0.6958118594869973
769,33,79,"('K', 'L')",cluster_13,0.021331035830332003,"('I', 'I')",0.6953189726594864
561,37,67,"('S', 'L')",cluster_18,0.048017951512191695,"('R', 'E')",0.6950843403826787
229,16,105,"('E', 'D')",cluster_6,0.05050257847310397,"('L', 'E')",0.6950347869064365
802,74,96,"('S', 'H')",cluster_13,0.0176785304015748,"('G', 'S')",0.6948159545508344
768,33,95,"('K', 'V')",cluster_13,0.021331041987338373,"('I', 'I')",0.6948159545508344
747,74,90,"('S', 'I')",cluster_13,0.026829021459138375,"('G', 'G')",0.6948048101415794
251,36,108,"('N', 'I')",cluster_6,0.044645805043982786,"('P', 'V')",0.6930028446541318
712,26,97,"('G', 'Q')",cluster_12,0.060359464895446954,"('D', 'R')",0.6905155248244021
299,11,16,"('A', 'E')",cluster_1,0.04553385483724241,"('G', 'L')",0.6888822704302212
804,74,111,"('S', 'Q')",cluster_13,0.01767852841584118,"('G', 'D')",0.6886845785355113
575,17,93,"('N', 'E')",cluster_18,0.03915371291778286,"('G', 'T')",0.6877213998459827
803,74,87,"('S', 'V')",cluster_13,0.017678528797109565,"('G', 'K')",0.6869371404475769
213,22,93,"('K', 'E')",cluster_6,0.05454213400083008,"('E', 'R')",0.6863984674329502
815,74,79,"('S', 'L')",cluster_13,0.016473304741545736,"('G', 'I')",0.6852586104864481
205,13,107,"('S', 'D')",cluster_6,0.0579740286012418,"('A', 'T')",0.6845520601453232
207,16,27,"('E', 'H')",cluster_6,0.05623935384397799,"('L', 'Y')",0.683401132950614
72,42,63,"('Y', 'I')",cluster_19,0.08762315076747133,"('F', 'L')",0.6829047902273871
368,50,65,"('L', 'L')",cluster_2,0.06093978750632881,"('I', 'K')",0.6820269588802116
235,36,114,"('N', 'R')",cluster_6,0.04818201178361503,"('P', 'K')",0.6804956896551724
242,51,115,"('F', 'N')",cluster_6,0.0464778898097406,"('M', 'L')",0.680331284508803
359,32,77,"('T', 'N')",cluster_1,0.03508185187883339,"('M', 'T')",0.6796568887006248
789,23,111,"('M', 'Q')",cluster_13,0.01977333227485014,"('V', 'D')",0.6790060851926978
382,79,100,"('L', 'T')",cluster_2,0.05026953743606873,"('V', 'S')",0.6780548153787591
816,74,95,"('S', 'V')",cluster_13,0.016473295988298137,"('G', 'I')",0.6772103207480176
348,50,115,"('L', 'N')",cluster_1,0.03583023771287816,"('T', 'L')",0.6761475062278052
788,23,87,"('M', 'V')",cluster_13,0.01977333265442733,"('V', 'K')",0.676108225631115
191,42,106,"('Y', 'V')",cluster_6,0.07577597712718859,"('N', 'M')",0.6760668483070996
309,72,79,"('L', 'L')",cluster_1,0.042504657219994205,"('V', 'M')",0.6745075717462671
787,23,96,"('M', 'H')",cluster_13,0.019773334284824244,"('V', 'S')",0.6731037346860076
609,58,64,"('S', 'S')",cluster_18,0.030449357545563993,"('A', 'E')",0.6719064386317908
262,42,79,"('Y', 'L')",cluster_6,0.043490126134964335,"('N', 'I')",0.6715374069382019
373,126,134,"('T', 'R')",cluster_2,0.05510023528804072,"('G', 'N')",0.6686991869918699
301,15,116,"('F', 'V')",cluster_1,0.045190342913180734,"('V', 'I')",0.6682508619886312
398,128,134,"('Q', 'R')",cluster_2,0.04455019188385417,"('S', 'N')",0.6680327868852459
74,61,76,"('V', 'I')",cluster_19,0.0807399632053095,"('P', 'V')",0.6667276385586244
322,72,115,"('L', 'N')",cluster_1,0.04045076624605515,"('V', 'L')",0.6645995653787036
555,18,44,"('Y', 'N')",cluster_18,0.05421355725724786,"('I', 'L')",0.6644467213114754
678,18,69,"('Y', 'G')",cluster_12,0.07876694843154353,"('I', 'Y')",0.661577868852459
795,23,79,"('M', 'L')",cluster_13,0.01869140302366886,"('V', 'I')",0.6615051466880247
189,22,115,"('K', 'N')",cluster_6,0.0786470188440975,"('E', 'L')",0.6614657787385377
281,79,101,"('L', 'T')",cluster_1,0.05259805332830843,"('M', 'L')",0.6598406226834692
110,20,94,"('I', 'C')",cluster_19,0.06145029405265437,"('L', 'L')",0.6539559731049093
265,93,115,"('E', 'N')",cluster_6,0.04310558652230656,"('R', 'L')",0.6498593603500364
